level_id,question_id,pair_id,knowledge_point,question,option_a,option_b,option_c,option_d,correct_index,common_distractor_index,explanation_f0,explanation_f1_core,f1_a,f1_b,f1_c,f1_d
900001,1,,粒子表示與守恆,"鎂帶在空氣中完全燃燒後，所得白色固體的質量比原鎂帶大。這個現象為何不違反質量守恆？","燃燒反應中，質量守恆定律暫時不成立","鎂原子吸收熱後，每個原子的質量永久增加","空氣中的氧原子進入固體；若把空氣也納入系統，總質量仍守恆","燃燒產生的光與熱會轉換成大量新的鎂原子",2,,,,,,,
900001,2,,原子結構與離子,"元素 X 的第一、第二游離能相對較低，但第三游離能突然大幅增加。下列推論何者最合理？","X 最可能有 2 個價電子，並傾向形成 X²⁺","X 最可能有 3 個價電子，並傾向形成 X³⁻","X 的原子核中一定只有 2 個質子","X 得到 2 個電子後，第三游離能才會降低",0,,,,,,,
900001,3,,分子間作用力,"液態物質沸騰成氣體時，通常最主要需要克服的是什麼？","原子核內質子與中子的吸引","分子彼此之間的吸引作用","分子內所有共價鍵","電子與原子核之間的吸引",1,,,,,,,
900001,4,,氣體粒子行為,"氣體通常比液體容易被壓縮，最合理的粒子觀點是什麼？","氣體粒子本身非常柔軟","氣體粒子會在受壓時消失","氣體粒子之間通常有較大的空隙","氣體粒子的原子核可以被壓扁",2,,,,,,,
900001,5,,化學平衡,"可逆反應達到動態平衡時，下列哪個敘述最合理？","反應物與產物的濃度必定相等","正反應與逆反應都完全停止","反應物已經全部用完","正反應與逆反應仍持續，且速率相等",3,,,,,,,
900001,6,,酸鹼與緩衝,"等濃度的鹽酸與醋酸水溶液相比，鹽酸通常具有較低的 pH。最合理的原因是什麼？","鹽酸在水中解離較完全，因此產生較高的 H⁺ 濃度","醋酸不含氫原子，所以不能產生 H⁺","鹽酸的莫耳質量較大，因此酸性必定較強","只要濃度相同，兩種酸的 pH 原本應完全相同",0,,,,,,,
900002,1,C01,粒子表示與守恆,"密閉容器中放入 4 個 H₂ 分子與 3 個 O₂ 分子，反應 2H₂ + O₂ → 2H₂O 完全進行。忽略其他反應，反應後的粒子組成何者正確？","生成 4 個 H₂O，並剩下 1 個 O₂","生成 6 個 H₂O，沒有任何粒子剩餘","生成 4 個 H₂O，並剩下 2 個 H₂","生成 2 個 H₂O，並剩下 2 個 O₂",0,1,"正確答案是 A。

## 完整解析 🧠

反應比例是 2 個 H₂ 配 1 個 O₂。4 個 H₂ 可以進行兩組反應，消耗 2 個 O₂、生成 4 個 H₂O，因此原有的 3 個 O₂ 會剩下 1 個。

**判斷步驟**
- 先用係數找出可完整進行的反應組數
- 再分別計算生成量與未反應粒子

**常見誤區**
常見會選 B，但生成 6 個 H₂O 需要 6 個 H₂；這會憑空增加氫原子，不符合密閉系統的原子守恆。

**最後檢核：** 反應前後都應有 8 個 H 原子與 6 個 O 原子，且粒子組成必須完全相符。","正確答案是 A。

## 完整解析 🧠

反應比例是 2 個 H₂ 配 1 個 O₂。4 個 H₂ 可以進行兩組反應，消耗 2 個 O₂、生成 4 個 H₂O，因此原有的 3 個 O₂ 會剩下 1 個。

**判斷步驟**
- 先用係數找出可完整進行的反應組數
- 再分別計算生成量與未反應粒子

最後可用反應前後的氫、氧原子總數再次檢查結果；兩側都應有 8 個 H 原子與 6 個 O 原子。","4 個 H₂ 恰好支持兩組反應，生成 4 個 H₂O 並剩下 1 個 O₂；粒子數與原子守恆都相符","生成 6 個 H₂O 需要 6 個 H₂，但題目只有 4 個；此結果會憑空增加氫原子","4 個 H₂ 已是限制反應物並會全部耗盡，因此不可能在生成 4 個 H₂O 後還剩 2 個 H₂","若只生成 2 個 H₂O，應只消耗 2 個 H₂ 與 1 個 O₂，還會剩 2 個 H₂，選項遺漏了這些粒子"
900002,2,C02,粒子表示與守恆,"某學生說：「平衡式 N₂ + 3H₂ ⇌ 2NH₃ 表示，只要混合 1 mol N₂ 與 3 mol H₂，就一定得到 2 mol NH₃。」下列評析何者最合理？","完全正確，平衡式係數會固定反應器中的最終莫耳數","1：3：2 是反應的化學計量關係，但實際產量仍取決於反應程度與平衡位置","錯誤，因為平衡式係數只代表原子個數，不能表示莫耳關係","完全錯誤，因為係數只適用於單一分子，不適用於大量粒子",1,0,"正確答案是 B。

## 完整解析 🧠

係數 1：3：2 說明 N₂、H₂ 與 NH₃ 在反應事件中的化學計量比例，可用於分子數或莫耳數；它不保證可逆反應會完全轉化。達平衡時仍可能同時存在 N₂、H₂ 與 NH₃。

**判斷步驟**
- 先區分「反應比例」與「平衡後實際組成」
- 再確認題目是否宣稱反應物必定完全耗盡

**常見誤區**
常見會選 A，但係數描述的是發生反應時的比例，不是直接指定反應器最後一定有多少莫耳。

**最後檢核：** 看到「一定得到」時，應檢查反應是否完全轉化。","正確答案是 B。

## 完整解析 🧠

係數 1：3：2 說明 N₂、H₂ 與 NH₃ 在反應事件中的化學計量比例，可用於分子數或莫耳數；它不保證可逆反應會完全轉化。達平衡時仍可能同時存在 N₂、H₂ 與 NH₃。

**判斷步驟**
- 先區分「反應比例」與「平衡後實際組成」
- 再確認題目是否宣稱反應物必定完全耗盡

係數提供計量限制，實際產率還要考慮反應程度。","係數不會固定平衡後的最終莫耳數；即使起始量符合 1：3，反應也可能未完全轉化","1：3：2 是粒子數或莫耳數的化學計量比例，但可逆反應的實際產量還受平衡位置影響","平衡式係數不只表示原子個數，也可表示粒子數與莫耳數比例，因此否定莫耳關係並不正確","莫耳是大量粒子的計數單位，同一組係數比例同樣適用於分子尺度與莫耳尺度"
900002,3,C03,原子結構與離子,"天然鎂主要由鎂－24、鎂－25 與鎂－26 組成，而週期表上的平均原子量約為 24.31。下列推論何者最合理？","每一個鎂原子的實際質量都是 24.31","因為平均值低於 25，所以天然鎂中完全沒有鎂－25","天然鎂是多種同位素的混合物，且鎂－24 的比例最高","化學反應會改變鎂的質子數，使其平均成為 24.31",2,0,"正確答案是 C。

## 完整解析 🧠

週期表上的 24.31 是各同位素質量依天然豐度算出的加權平均，不是任何單一鎂原子的質量數。平均值非常接近 24，表示天然樣本中鎂－24 的比例明顯高於較重同位素。

**判斷步驟**
- 先辨認平均原子量是族群的加權平均
- 再由平均值靠近哪個同位素推論相對豐度

**常見誤區**
常見會選 A，但平均值可帶小數，單一同位素的質量數不會是 24.31。

**最後檢核：** 加權平均一定落在各同位素數值之間，並偏向豐度較高者。","正確答案是 C。

## 完整解析 🧠

週期表上的 24.31 是各同位素質量依天然豐度算出的加權平均，不是任何單一鎂原子的質量數。平均值非常接近 24，表示天然樣本中鎂－24 的比例明顯高於較重同位素。

**判斷步驟**
- 先辨認平均原子量是族群的加權平均
- 再由平均值靠近哪個同位素推論相對豐度

化學反應不改變質子數，也不是平均值形成的原因。","24.31 是大量鎂同位素的加權平均，不是單一原子的質量數；把平均值套到每顆原子並不正確","平均值低於 25 仍可包含鎂－25 與鎂－26，只代表鎂－24 的比例較高，不能推論其他同位素不存在","天然鎂由多種同位素組成，且加權平均最靠近 24，因此鎂－24 的天然豐度最高","一般化學反應不會改變原子核的質子數；24.31 來自同位素豐度，不是化學反應造成"
900002,4,C04,原子結構與離子,"Na⁺、Mg²⁺ 與 Al³⁺ 都有 10 個電子。若比較三者的離子半徑，哪一個最小？","Na⁺，因為它的正電荷最小","三者半徑相同，因為它們都有 10 個電子","Mg²⁺，因為它的正電荷位於三者中間","Al³⁺，因為相同電子數下其核電荷最大",3,1,"正確答案是 D。

## 完整解析 🧠

三者都是具有 10 個電子的等電子粒子，因此主要差異在原子核的質子數。Al³⁺ 有 13 個質子，對相同電子雲的吸引最強，會把電子雲拉得最緊，所以半徑最小。

**判斷步驟**
- 先確認三個離子的電子數相同
- 再比較核電荷大小與電子雲收縮程度

**常見誤區**
常見會選 B，但電子數相同不代表半徑相同；核電荷仍會改變電子雲的大小。

**最後檢核：** 此等電子系列的半徑順序應為 Na⁺ ＞ Mg²⁺ ＞ Al³⁺。","正確答案是 D。

## 完整解析 🧠

三者都是具有 10 個電子的等電子粒子，因此主要差異在原子核的質子數。Al³⁺ 有 13 個質子，對相同電子雲的吸引最強，會把電子雲拉得最緊，所以半徑最小。

**判斷步驟**
- 先確認三個離子的電子數相同
- 再比較核電荷大小與電子雲收縮程度

等電子系列中，核電荷越大，通常半徑越小，這是排序的核心。","Na⁺ 的核電荷最小，對相同 10 個電子的吸引較弱，所以半徑反而最大，不是最小","電子數相同只代表電子組態相同；質子數不同仍會造成吸引力與半徑差異","Mg²⁺ 的核電荷介於 Na⁺ 與 Al³⁺ 之間，因此半徑也居中，不會最小","Al³⁺ 的質子數最多，對相同電子雲吸引最強，因此電子雲最緊密、離子半徑最小"
900002,5,C05,分子間作用力,"乙醇和二甲醚分子式都為 C₂H₆O，但乙醇沸點明顯較高。哪個解釋最合理？","乙醇分子間可形成較強的氫鍵","乙醇的分子量一定較大","二甲醚分子間完全沒有吸引力","乙醇沸騰時會斷裂所有共價鍵",0,1,"正確答案是 A。

## 完整解析 🧠

兩者分子式相同，所以莫耳質量相同；關鍵在分子結構。乙醇具有 O–H，可在分子間形成較強氫鍵，汽化時需要更多能量克服這些吸引力，因此沸點高於二甲醚。

**判斷步驟**
- 先排除分子量差異
- 再比較兩種分子可形成的主要分子間作用力

**常見誤區**
常見會選 B，但同分子式已表示兩者莫耳質量相同，不能用分子量解釋沸點差。

**最後檢核：** 比較同分子式物質的沸點時，應優先檢查結構與作用力差異。","正確答案是 A。

## 完整解析 🧠

兩者分子式相同，所以莫耳質量相同；關鍵在分子結構。乙醇具有 O–H，可在分子間形成較強氫鍵，汽化時需要更多能量克服這些吸引力，因此沸點高於二甲醚。

**判斷步驟**
- 先排除分子量差異
- 再比較兩種分子可形成的主要分子間作用力

沸騰改變的是分子間距離，不會破壞分子本體與分子內所有鍵結。","乙醇具有 O–H，可形成較強分子間氫鍵；分子要進入氣相需要更多能量，因此沸點較高","兩者分子式相同、莫耳質量也相同；沸點差異來自分子間作用力，而不是分子量","二甲醚仍具有偶極－偶極作用與分散力，只是不能像乙醇形成同等程度的分子間氫鍵","沸騰主要克服分子間吸引，乙醇分子內的共價鍵仍保留，不會在汽化時全部斷裂"
900002,6,C06,分子間作用力,"在清水表面滴入少量界面活性劑後，水滴較容易攤開。最合理的微觀解釋是什麼？","界面活性劑使所有水分子分解","界面活性劑削弱表面水分子間的整體凝聚作用","水分子數突然大幅增加","水的共價鍵全部被打斷",1,3,"正確答案是 B。

## 完整解析 🧠

水面分子受到內部水分子的淨吸引，形成使表面縮小的表面張力。界面活性劑聚集在界面並干擾水分子間的凝聚作用，表面張力因而降低，水滴便更容易向外攤開。

**判斷步驟**
- 先把水滴形狀連結到表面張力
- 再判斷添加物影響的是分子間還是分子內作用

**常見誤區**
常見會選 D，但表面張力涉及分子間吸引，不需要打斷水分子內的 O–H 共價鍵。

**最後檢核：** 水仍維持 H₂O，改變的是界面排列與巨觀液滴形狀。","正確答案是 B。

## 完整解析 🧠

水面分子受到內部水分子的淨吸引，形成使表面縮小的表面張力。界面活性劑聚集在界面並干擾水分子間的凝聚作用，表面張力因而降低，水滴便更容易向外攤開。

**判斷步驟**
- 先把水滴形狀連結到表面張力
- 再判斷添加物影響的是分子間還是分子內作用

這是物理性界面效應，不是把水分子改造成新物質。","界面活性劑改變界面排列與分子間吸引，不會使所有水分子分解成其他物質","界面活性劑削弱表面水分子的整體凝聚作用，降低表面張力，因此水滴更容易攤開","少量界面活性劑不會創造大量水分子；水滴形狀改變來自表面作用力降低","表面張力屬於分子間作用，降低它不需要打斷水分子內部的 O–H 共價鍵"
900002,7,C07,氣體粒子行為,"密閉且體積固定的氣體容器由 25°C 加熱到較高溫，壓力上升。哪個解釋最合理？","加熱必定產生新的氣體粒子","每個粒子的實際體積永久變大","粒子平均動能增加，撞壁更頻繁且更有力","粒子之間不再有任何空隙",2,1,"正確答案是 C。

## 完整解析 🧠

容器密閉且體積固定，所以粒子數與可活動空間沒有改變。升溫提高粒子的平均動能，使粒子移動更快；它們撞擊容器壁的頻率增加、單次碰撞的動量改變也更大，因此壓力上升。

**判斷步驟**
- 先固定題目已控制的粒子數與體積
- 再把溫度連結到平均動能與撞壁行為

**常見誤區**
常見會選 B，但氣體壓力增加不表示粒子本身永久膨大，而是撞壁行為改變。

**最後檢核：** 密閉、定容與升溫三個條件分別固定 n、V 並提高 T。","正確答案是 C。

## 完整解析 🧠

容器密閉且體積固定，所以粒子數與可活動空間沒有改變。升溫提高粒子的平均動能，使粒子移動更快；它們撞擊容器壁的頻率增加、單次碰撞的動量改變也更大，因此壓力上升。

**判斷步驟**
- 先固定題目已控制的粒子數與體積
- 再把溫度連結到平均動能與撞壁行為

巨觀壓力來自大量粒子對容器壁的碰撞。","密閉容器中粒子數保持固定；單純加熱只改變運動狀態，不會憑空生成新粒子","壓力上升來自撞壁頻率與力度增加，不是每個氣體粒子的實際體積永久變大","固定體積與粒子數下，升溫提高平均動能，使撞壁更頻繁且更猛烈，因此壓力上升","升溫後粒子間仍存在大量空隙；壓力增加不表示粒子之間的空隙完全消失"
900002,8,C08,氣體粒子行為,"密封的柔軟氣球受熱後體積增加，外界壓力近似不變。哪個解釋最合理？","粒子種類改變，生成較大的原子","每個分子的共價鍵都被拉長成兩倍","粒子數必定增加一倍","粒子運動加快，氣球膨脹到內外壓力重新平衡",3,1,"正確答案是 D。

## 完整解析 🧠

氣球密封，所以粒子數不變；它又具有可伸縮邊界，因此體積可以調整。受熱後粒子平均動能增加、撞擊變強，氣球先向外膨脹，直到內部壓力再次與外界壓力及膜張力平衡。

**判斷步驟**
- 先辨認密封代表粒子數固定
- 再利用柔軟邊界判斷體積可回應粒子撞擊

**常見誤區**
常見會選 B，但體積增加是粒子間平均距離增大，不是分子內共價鍵被拉長。

**最後檢核：** 密封固定粒子數，柔軟邊界則允許體積回應溫度變化。","正確答案是 D。

## 完整解析 🧠

氣球密封，所以粒子數不變；它又具有可伸縮邊界，因此體積可以調整。受熱後粒子平均動能增加、撞擊變強，氣球先向外膨脹，直到內部壓力再次與外界壓力及膜張力平衡。

**判斷步驟**
- 先辨認密封代表粒子數固定
- 再利用柔軟邊界判斷體積可回應粒子撞擊

這個過程不需要改變氣體的化學組成或粒子數。","加熱只改變粒子的運動狀態，不會改變化學種類，也不會生成體積較大的新原子","氣球膨脹來自粒子間平均距離增加，不是每個分子的共價鍵被拉長成兩倍","密封氣球中的粒子數始終保持固定不變；體積增加不表示粒子數必定增加一倍","升溫使粒子運動加快並推動柔軟邊界，氣球膨脹到內外作用重新平衡"
900002,9,C09,化學平衡,"反應 N₂O₄(g) ⇌ 2NO₂(g) 已達平衡。在溫度與體積不變下加入少量 N₂O₄，之後最合理的變化是什麼？","系統傾向生成更多 NO₂，以消耗部分新增的 N₂O₄","逆反應永久停止","平衡常數立刻變小","所有新增 N₂O₄ 都不參與反應",0,2,"正確答案是 A。

## 完整解析 🧠

加入 N₂O₄ 後，反應物濃度突然增加，使系統偏離原來的平衡狀態。正反應速率會先相對提高，部分新增 N₂O₄ 轉成 NO₂；直到正、逆反應速率再次相等，系統才建立新的動態平衡。

**判斷步驟**
- 先判斷濃度改變使哪個方向暫時較快
- 再區分平衡組成改變與平衡常數改變

**常見誤區**
常見會選 C，但溫度不變時平衡常數不變；改變的是反應商與平衡組成。

**最後檢核：** 新平衡中正、逆反應仍持續，且速率會重新相等。","正確答案是 A。

## 完整解析 🧠

加入 N₂O₄ 後，反應物濃度突然增加，使系統偏離原來的平衡狀態。正反應速率會先相對提高，部分新增 N₂O₄ 轉成 NO₂；直到正、逆反應速率再次相等，系統才建立新的動態平衡。

**判斷步驟**
- 先判斷濃度改變使哪個方向暫時較快
- 再區分平衡組成改變與平衡常數改變

定溫是判斷平衡常數是否改變的關鍵條件。","加入 N₂O₄ 後正反應暫時較快，生成更多 NO₂ 並消耗新增物，直到建立新平衡","逆反應始終持續；加入 N₂O₄ 後只是正、逆反應速率暫時不相等，不會永久停止","定溫下平衡常數不因濃度改變；加入反應物會改變反應商與平衡組成，不會使常數變小","新增的 N₂O₄ 會參與正反應並部分轉成 NO₂，不會全部維持在不參與反應的狀態"
900002,10,C10,化學平衡,"某可逆反應已達平衡。只加入能同時加快正、逆反應的催化劑，且溫度不變，最合理的結果是什麼？","產物平衡比例一定提高","反應較快重新達平衡，但平衡組成不變","平衡常數增加","逆反應停止，只剩正反應",1,0,"正確答案是 B。

## 完整解析 🧠

催化劑提供活化能較低的反應途徑，而且同時加快正反應與逆反應。它不改變反應物與產物的能量差，也不改變定溫下的平衡常數，因此只會縮短到達平衡所需時間，最終平衡組成不變。

**判斷步驟**
- 先判斷催化劑是否同時影響正、逆反應
- 再區分反應速率與平衡位置

**常見誤區**
常見會選 A，但催化劑不會只偏向產物方向，因此不會提高產物的平衡比例。

**最後檢核：** 催化劑改變到達平衡的速度，不改變定溫下的平衡位置。","正確答案是 B。

## 完整解析 🧠

催化劑提供活化能較低的反應途徑，而且同時加快正反應與逆反應。它不改變反應物與產物的能量差，也不改變定溫下的平衡常數，因此只會縮短到達平衡所需時間，最終平衡組成不變。

**判斷步驟**
- 先判斷催化劑是否同時影響正、逆反應
- 再區分反應速率與平衡位置

速率變快不等於平衡向某一側移動。","催化劑同時降低正、逆反應的活化能，不會只偏向生成產物，因此不提高產物比例","催化劑使正、逆反應都更快，只縮短到達平衡所需時間；定溫下最終組成不變","平衡常數由溫度決定；催化劑不改變兩側能量差，因此不會使平衡常數增加","催化劑不會停止逆反應；達平衡後正、逆反應仍持續進行，且兩者速率相等"
900002,11,C11,酸鹼與緩衝,"將弱酸 HA 水溶液加水稀釋，溫度保持不變。忽略水的自解離時，下列敘述何者最合理？","H⁺ 濃度與 HA 的解離百分率都增加","H⁺ 濃度與 HA 的解離百分率都維持不變","H⁺ 濃度降低，但 HA 的解離百分率增加","HA 會因稀釋而變成強酸並完全解離",2,0,"正確答案是 C。

## 完整解析 🧠

加水後所有溶質先被稀釋，弱酸解離平衡會再向右移，使 HA 的解離百分率提高。然而增加的 H⁺ 分散在更大的總體積中，所以平衡後 H⁺ 濃度仍降低，pH 因而上升。

**判斷步驟**
- 分開判斷解離百分率與實際 H⁺ 濃度
- 同時考慮平衡移動與體積增加

**常見誤區**
常見會選 A，但解離比例提高不代表 H⁺ 濃度提高；兩個量不能直接畫上等號。

**最後檢核：** 稀釋後可同時出現解離比例上升與離子濃度下降。","正確答案是 C。

## 完整解析 🧠

加水後所有溶質先被稀釋，弱酸解離平衡會再向右移，使 HA 的解離百分率提高。然而增加的 H⁺ 分散在更大的總體積中，所以平衡後 H⁺ 濃度仍降低，pH 因而上升。

**判斷步驟**
- 分開判斷解離百分率與實際 H⁺ 濃度
- 同時考慮平衡移動與體積增加

弱酸的強弱由解離常數決定，不會因稀釋改變身分。","稀釋會提高 HA 的解離百分率，但 H⁺ 分散於更大體積中，因此平衡後濃度反而降低","稀釋會改變濃度並使解離平衡移動，所以 H⁺ 濃度與解離百分率不會都維持不變","加水後 HA 的解離百分率增加，但 H⁺ 濃度降低、pH 上升，兩個量的變化方向不同","酸的強弱由解離常數決定；單純稀釋不會把弱酸變成強酸，也不保證完全解離"
900002,12,C12,酸鹼與緩衝,"含弱酸 HA 與其共軛鹼 A⁻ 的緩衝溶液加入少量強酸後，pH 只小幅改變。主要原因是什麼？","加入酸後溶液體積自動變成無限大","HA 會產生大量 OH⁻ 使溶液變鹼","強酸在水中完全不解離","A⁻ 會與新增的 H⁺ 反應形成 HA",3,2,"正確答案是 D。

## 完整解析 🧠

強酸加入水中仍會解離並提供 H⁺，但緩衝液中的共軛鹼 A⁻ 會迅速接受大部分新增 H⁺，轉化成弱酸 HA。自由 H⁺ 濃度因此只小幅增加，所以 pH 的變化受到抑制。

**判斷步驟**
- 先找出緩衝對中能消耗新增 H⁺ 的成分
- 再判斷反應後自由 H⁺ 濃度如何改變

**常見誤區**
常見會選 C，但強酸仍然解離；真正限制 pH 變化的是 A⁻ 對 H⁺ 的消耗。

**最後檢核：** 緩衝不是阻止解離，而是利用共軛成分移除大部分新增離子。","正確答案是 D。

## 完整解析 🧠

強酸加入水中仍會解離並提供 H⁺，但緩衝液中的共軛鹼 A⁻ 會迅速接受大部分新增 H⁺，轉化成弱酸 HA。自由 H⁺ 濃度因此只小幅增加，所以 pH 的變化受到抑制。

**判斷步驟**
- 先找出緩衝對中能消耗新增 H⁺ 的成分
- 再判斷反應後自由 H⁺ 濃度如何改變

緩衝能力有限，只適用於加入少量強酸的情況。","加入少量酸不會讓體積變成無限大；緩衝作用來自共軛鹼與新增 H⁺ 的反應","HA 是弱酸，不會靠產生大量 OH⁻ 抵銷強酸；真正消耗 H⁺ 的成分是 A⁻","強酸在水中仍會近乎完全解離；pH 變化小是因為新增 H⁺ 隨即被 A⁻ 消耗","共軛鹼 A⁻ 接受大部分新增 H⁺ 並形成 HA，因此限制自由 H⁺ 濃度的增加"
900003,1,C01,粒子表示與守恆,"密閉容器中有 5 個 CO 分子與 3 個 O₂ 分子，反應 2CO + O₂ → 2CO₂ 完全進行。忽略其他反應，最後的粒子組成為何？","生成 5 個 CO₂，且沒有粒子剩餘","生成 4 個 CO₂，並只剩 1 個 O₂","生成 4 個 CO₂，並剩 1 個 CO 與 1 個 O₂","生成 3 個 CO₂，並剩 2 個 CO",2,,,,,,,
900003,2,C02,粒子表示與守恆,"將 2 mol SO₂ 與 1 mol O₂ 放入密閉容器進行可逆反應 2SO₂ + O₂ ⇌ 2SO₃，達平衡後仍有反應物剩餘。下列解釋何者正確？","反應物剩餘表示原平衡式沒有配平","係數 2：1：2 直接決定平衡時三者的莫耳數","只要起始量符合係數比，SO₃ 分子數必等於起始總分子數","係數表示反應的化學計量關係，但不保證可逆反應完全轉化",3,,,,,,,
900003,3,C03,原子結構與離子,"天然氯主要由氯－35 與氯－37 組成，平均原子量約為 35.45。下列推論何者最合理？","天然氯是兩種同位素的混合物，且氯－35 的比例較高","每一個氯原子的質量數都是 35.45","氯－35 與氯－37 的質子數不同，因此屬於不同元素","平均值不是整數，表示氯原子在化學反應中會失去部分質子",0,,,,,,,
900003,4,C04,原子結構與離子,"O²⁻、F⁻、Na⁺ 與 Mg²⁺ 都有 10 個電子。下列哪一個粒子的半徑最小？","Na⁺，因為它是唯一的鈉離子","Mg²⁺，因為相同電子數下其核電荷最大","F⁻，因為負一價的電荷最接近中性","四者相同，因為電子數完全相同",1,,,,,,,
900003,5,C05,分子間作用力,"水的沸點高於分子量相近的硫化氫，哪個解釋最合理？","硫化氫分子間沒有吸引力","水分子沒有任何共價鍵","水分子間氫鍵較強","水沸騰時需要分解成元素",2,,,,,,,
900003,6,C06,分子間作用力,"清水中加入少量洗碗精後，迴紋針較難靠表面張力浮在水面。最合理的原因是什麼？","水分子被完全分解","所有 O–H 共價鍵都斷裂","水的分子量突然下降","界面活性劑降低表面分子間的整體凝聚作用",3,,,,,,,
900003,7,C07,氣體粒子行為,"固定體積的密閉氣體容器被冷卻後壓力下降。哪個解釋最合理？","粒子平均速率下降，撞壁較不頻繁且較不猛烈","粒子數自動減半","每個粒子縮成不存在","氣體必定液化",0,,,,,,,
900003,8,C08,氣體粒子行為,"可伸縮活塞中的氣體在外壓近似不變時受熱，活塞向外移動。最合理的解釋是什麼？","粒子種類改變","粒子運動加快並推動活塞，直到壓力重新平衡","分子內共價鍵伸長成數倍","粒子數必定增加",1,,,,,,,
900003,9,C09,化學平衡,"A(g) ⇌ B(g) 已達平衡，固定溫度下加入 A。重新達平衡前，系統最可能先出現什麼趨勢？","平衡常數立刻增加","B 完全停止轉成 A","較多 A 轉成 B","新增 A 永遠不反應",2,,,,,,,
900003,10,C10,化學平衡,"同一可逆反應分成兩份，其中一份加入催化劑並保持同溫。充分久後兩份的平衡組成如何？","加催化劑者產物一定較多","未加催化劑者沒有逆反應","加催化劑者平衡常數較大","兩者平衡組成相同，但加催化劑者較快到達",3,,,,,,,
900003,11,C11,酸鹼與緩衝,"將弱鹼 B 水溶液加水稀釋，溫度保持不變。忽略水的自解離時，下列敘述何者最合理？","OH⁻ 濃度降低，但 B 的解離百分率增加","OH⁻ 濃度與 B 的解離百分率都增加","稀釋會使 B 立即變成完全解離的強鹼","OH⁻ 濃度與 B 的解離百分率都維持不變",0,,,,,,,
900003,12,C12,酸鹼與緩衝,"含弱鹼 B 與其共軛酸 BH⁺ 的緩衝液加入少量強鹼後，pH 變化不大。主要原因是什麼？","強鹼完全不解離","BH⁺ 可與新增 OH⁻ 反應","B 會製造大量 H⁺ 使溶液變強酸","水會消除所有離子",1,,,,,,,
