level_id,question_id,pair_id,knowledge_point,question,option_a,option_b,option_c,option_d,correct_index,explanation_correct_1,explanation_attention_1,explanation_inconsistent_1,explanation_2
900001,1,,原子結構與離子,元素 X 的第一、第二游離能相對較低，但第三游離能突然大幅增加。下列推論何者最合理？,X 最可能有 2 個價電子，並傾向形成 X²⁺,X 最可能有 3 個價電子，並傾向形成 X³⁻,X 的原子核中一定只有 2 個質子,X 得到 2 個電子後，第三游離能才會降低,0,,,,
900001,2,,分子間作用力,液態物質沸騰成氣體時，通常最主要需要克服的是什麼？,原子核內質子與中子的吸引,分子彼此之間的吸引作用,分子內所有共價鍵,電子與原子核之間的吸引,1,,,,
900001,3,,氣體粒子行為,氣體通常比液體容易被壓縮，最合理的粒子觀點是什麼？,氣體粒子本身非常柔軟,氣體粒子會在受壓時消失,氣體粒子之間通常有較大的空隙,氣體粒子的原子核可以被壓扁,2,,,,
900001,4,,化學平衡,可逆反應達到動態平衡時，下列哪個敘述最合理？,反應物與產物的濃度必定相等,正反應與逆反應都完全停止,反應物已經全部用完,正反應與逆反應仍持續，且速率相等,3,,,,
900001,5,,酸鹼與緩衝,等濃度的鹽酸與醋酸水溶液相比，鹽酸通常具有較低的 pH。最合理的原因是什麼？,鹽酸在水中解離較完全，因此產生較高的 H⁺ 濃度,醋酸不含氫原子，所以不能產生 H⁺,鹽酸的莫耳質量較大，因此酸性必定較強,只要濃度相同，兩種酸的 pH 原本應完全相同,0,,,,
900001,6,,氧化還原與電化學,在氧化還原反應中，某物種「失去電子」代表它發生什麼變化？,還原,氧化,中和,凝結,1,,,,
900001,7,,粒子表示與守恆,鎂帶在空氣中完全燃燒後，所得白色固體的質量比原鎂帶大。這個現象為何不違反質量守恆？,燃燒反應中，質量守恆定律暫時不成立,鎂原子吸收熱後，每個原子的質量永久增加,空氣中的氧原子進入固體；若把空氣也納入系統，總質量仍守恆,燃燒產生的光與熱會轉換成大量新的鎂原子,2,,,,
900001,8,,反應速率與催化,其他條件相同時，提高反應溫度通常會使反應變快。最合理的粒子觀點是什麼？,反應物會自動變成另一種元素,每次碰撞都必定產生反應,反應所需的活化能自動變成零,粒子運動較快，具有足夠能量的有效碰撞增加,3,,,,
900001,9,,熱化學與相變,若某反應被描述為「放熱反應」，代表熱量主要如何移動？,由反應系統傳向周圍,由周圍傳入反應系統,只在系統內部移動，不會影響周圍,熱量完全消失,0,,,,
900002,1,C01,粒子表示與守恆,密閉容器中進行反應 2H₂ + O₂ → 2H₂O。反應完成後，哪個敘述必定正確？,氫原子與氧原子的總數各自守恆,分子總數一定不變,所有反應物一定剛好用完,每種物質的分子數都不變,0,"**快速說明**

答案是 **A：氫原子與氧原子的總數各自守恆**。化學反應會重新排列原子，但在密閉系統中，各元素的原子總數不會憑空增減。

先掌握這個判斷依據，再查看完整解析。","👀 **先停一下**

先別只看答案。答案是 **A：氫原子與氧原子的總數各自守恆**；化學反應會重新排列原子，但在密閉系統中，各元素的原子總數不會憑空增減。

請確認因果關係後，再查看完整解析。","**快速說明**

答案是 **B：分子總數一定不變**。反應式兩側的係數總和相同，所以分子總數必定維持不變。這就是判斷關鍵。

依照這個推理，系統標示的答案並不合理。","## 完整正確解析 ✅

正確答案是 **A**。

平衡反應式保證的是各元素原子數守恆，不是分子總數或每種物質的粒子數不變。反應前的 H₂ 與 O₂ 會重新組合成 H₂O；若初始比例不是恰好 2：1，也可能有反應物剩餘。

- **關鍵判準：** 逐一比較反應前後每種元素的原子數
- **常見誤區：** 把原子守恆誤解成分子數或物質種類不變"
900002,2,C02,粒子表示與守恆,平衡式 N₂ + 3H₂ → 2NH₃ 中的係數，最合理的意義是什麼？,每個 NH₃ 分子含兩個氮原子,粒子或莫耳反應比例為 1：3：2,反應物的實際莫耳數永遠只能是 1 與 3,反應後氣體體積在所有條件下都固定,1,"**快速說明**

答案是 **B：粒子或莫耳反應比例為 1：3：2**。係數描述反應時各物質的相對粒子數或莫耳數比例，不是限制只能使用某個固定量。

先掌握這個判斷依據，再查看完整解析。","👀 **先停一下**

先別只看答案。答案是 **B：粒子或莫耳反應比例為 1：3：2**；係數描述反應時各物質的相對粒子數或莫耳數比例，不是限制只能使用某個固定量。

請確認因果關係後，再查看完整解析。","**快速說明**

答案是 **C：反應物的實際莫耳數永遠只能是 1 與 3**。係數就是每次反應必須投入的固定莫耳數，因此只能使用 1 mol N₂ 與 3 mol H₂。這就是判斷關鍵。

依照這個推理，系統標示的答案並不合理。","## 完整正確解析 ✅

正確答案是 **B**。

平衡式中的 1：3：2 是比例，可同時放大或縮小，例如 2：6：4 仍代表相同的反應關係。分子內原子數由化學式下標表示；係數不會改變單一分子的組成。

- **關鍵判準：** 區分化學式下標與反應式係數
- **常見誤區：** 把相對比例誤認成不可改變的絕對用量"
900002,3,C03,原子結構與離子,天然鎂主要由鎂－24、鎂－25 與鎂－26 組成，而週期表上的平均原子量約為 24.31。下列推論何者最合理？,每一個鎂原子的實際質量都是 24.31,因為平均值低於 25，所以天然鎂中完全沒有鎂－25,天然鎂是多種同位素的混合物，且鎂－24 的比例最高,化學反應會改變鎂的質子數，使其平均成為 24.31,2,"✅ **快速說明**

答案是 **C：天然鎂是多種同位素的混合物，且鎂－24 的比例最高**。24.31 是依天然豐度計算的加權平均；它很接近 24，表示鎂－24 所占比例最高。","👀 **先停一下，再檢查關鍵條件**

答案是 **C：天然鎂是多種同位素的混合物，且鎂－24 的比例最高**。24.31 是依天然豐度計算的加權平均；它很接近 24，表示鎂－24 所占比例最高。","⚠️ **快速說明**

答案是 **A：每一個鎂原子的實際質量都是 24.31**。週期表列出的 24.31 就是單一鎂原子的質量，因此每顆原子都應具有相同質量；小數只反映量測精度。","🧠 **完整詳解**

正確答案是 **C：天然鎂是多種同位素的混合物，且鎂－24 的比例最高**。

同位素的質子數相同、中子數不同，質量數為整數。24.31 是各同位素依天然豐度所得的加權平均，不代表存在質量數為 24.31 的原子；平均值更接近 24，表示鎂－24 占主要比例。

**判斷關鍵：** 分清楚單一同位素的質量數與天然樣品的平均原子量。"
900002,4,C04,原子結構與離子,Na⁺、Mg²⁺ 與 Al³⁺ 都有 10 個電子。若比較三者的離子半徑，哪一個最小？,Na⁺，因為它的正電荷最小,三者半徑相同，因為它們都有 10 個電子,Mg²⁺，因為它的正電荷位於三者中間,Al³⁺，因為相同電子數下其核電荷最大,3,"✅ **快速說明**

答案是 **D：Al³⁺，因為相同電子數下其核電荷最大**。三者電子數相同，但 Al³⁺ 的質子數最多，對同一組電子的吸引最強，因此半徑最小。","👀 **先停一下，再檢查關鍵條件**

答案是 **D：Al³⁺，因為相同電子數下其核電荷最大**。三者電子數相同，但 Al³⁺ 的質子數最多，對同一組電子的吸引最強，因此半徑最小。","⚠️ **快速說明**

答案是 **B：三者半徑相同，因為它們都有 10 個電子**。既然電子總數與電子層數完全相同，電子雲大小就會一致，核內質子數不會造成差異。","🧠 **完整詳解**

正確答案是 **D：Al³⁺，因為相同電子數下其核電荷最大**。

這三種離子互為等電子粒子，因此比較半徑時不能只看電子數，還要比較原子核的正電荷。Na、Mg、Al 分別有 11、12、13 個質子；Al³⁺ 對 10 個電子的有效吸引最強，使電子雲收縮得最多。

**判斷關鍵：** 等電子粒子中，核電荷越大，半徑通常越小。"
900002,5,C05,分子間作用力,乙醇和二甲醚分子式都為 C₂H₆O，但乙醇沸點明顯較高。哪個解釋最合理？,乙醇分子間可形成較強的氫鍵,乙醇的分子量一定較大,二甲醚分子間完全沒有吸引力,乙醇沸騰時會斷裂所有共價鍵,0,"**快速說明**

答案是 **A：乙醇分子間可形成較強的氫鍵**。兩者分子量相近；乙醇具有 O–H，可形成較強的分子間氫鍵，因此較難汽化。

先掌握這個判斷依據，再查看完整解析。","👀 **先停一下**

先別只看答案。答案是 **A：乙醇分子間可形成較強的氫鍵**；兩者分子量相近；乙醇具有 O–H，可形成較強的分子間氫鍵，因此較難汽化。

請確認因果關係後，再查看完整解析。","**快速說明**

答案是 **B：乙醇的分子量一定較大**。乙醇沸點較高是因為它的分子量比同分子式的二甲醚大很多。這就是判斷關鍵。

依照這個推理，系統標示的答案並不合理。","## 完整正確解析 ✅

正確答案是 **A**。

同分子式代表兩者分子量相同。乙醇含 O–H 鍵，分子間能形成氫鍵；二甲醚雖也有偶極作用與分散力，卻無法以自身氫形成同樣的氫鍵。克服較強吸引力需要更多能量，故乙醇沸點較高。

- **關鍵判準：** 比較分子間作用力種類與強弱
- **常見誤區：** 把沸點差異歸因於相同分子式下不存在的分子量差"
900002,6,C06,分子間作用力,在清水表面滴入少量界面活性劑後，水滴較容易攤開。最合理的微觀解釋是什麼？,界面活性劑使所有水分子分解,界面活性劑削弱表面水分子間的整體凝聚作用,水分子數突然大幅增加,水的共價鍵全部被打斷,1,"**快速說明**

答案是 **B：界面活性劑削弱表面水分子間的整體凝聚作用**。界面活性劑會干擾水表面的分子間作用，使表面張力降低，因此水滴較容易攤開。

先掌握這個判斷依據，再查看完整解析。","👀 **先停一下**

先別只看答案。答案是 **B：界面活性劑削弱表面水分子間的整體凝聚作用**；界面活性劑會干擾水表面的分子間作用，使表面張力降低，因此水滴較容易攤開。

請確認因果關係後，再查看完整解析。","**快速說明**

答案是 **D：水的共價鍵全部被打斷**。水滴攤開代表水分子內的 O–H 共價鍵被大量打斷，所以液滴失去形狀。這就是判斷關鍵。

依照這個推理，系統標示的答案並不合理。","## 完整正確解析 ✅

正確答案是 **B**。

水滴形狀主要受表面分子間的凝聚作用影響。界面活性劑排列在界面並干擾水分子彼此的吸引，使表面張力下降；這不等於把水分子分解，也不需要打斷水分子內的 O–H 共價鍵。

- **關鍵判準：** 區分分子間作用力與分子內共價鍵
- **常見誤區：** 把表面張力降低誤認成水分子化學分解"
900002,7,C07,氣體粒子行為,密閉且體積固定的氣體容器由 25°C 加熱到較高溫，壓力上升。哪個解釋最合理？,加熱必定產生新的氣體粒子,每個粒子的實際體積永久變大,粒子平均動能增加，撞壁更頻繁且更有力,粒子之間不再有任何空隙,2,"**快速說明**

答案是 **C：粒子平均動能增加，撞壁更頻繁且更有力**。體積與粒子數固定時，升溫使粒子平均動能增加，撞擊容器壁的效果變強。

先掌握這個判斷依據，再查看完整解析。","👀 **先停一下**

先別只看答案。答案是 **C：粒子平均動能增加，撞壁更頻繁且更有力**；體積與粒子數固定時，升溫使粒子平均動能增加，撞擊容器壁的效果變強。

請確認因果關係後，再查看完整解析。","**快速說明**

答案是 **B：每個粒子的實際體積永久變大**。加熱使每一個氣體粒子本身膨脹，所以粒子擠壓容器壁而提高壓力。這就是判斷關鍵。

依照這個推理，系統標示的答案並不合理。","## 完整正確解析 ✅

正確答案是 **C**。

氣體溫度上升代表粒子的平均平動動能增加。粒子移動更快，單位時間撞壁次數與每次動量改變通常都增加，因此壓力上升；不是粒子本身膨脹，也不需要生成新粒子。

- **關鍵判準：** 用粒子運動與撞壁解釋壓力
- **常見誤區：** 把氣體整體膨脹想成單一粒子尺寸變大"
900002,8,C08,氣體粒子行為,密封的柔軟氣球受熱後體積增加，外界壓力近似不變。哪個解釋最合理？,粒子種類改變，生成較大的原子,每個分子的共價鍵都被拉長成兩倍,粒子數必定增加一倍,粒子運動加快，氣球膨脹到內外壓力重新平衡,3,"**快速說明**

答案是 **D：粒子運動加快，氣球膨脹到內外壓力重新平衡**。升溫使粒子運動加快；柔軟氣球可以膨脹，直到內壓再次接近外界壓力。

先掌握這個判斷依據，再查看完整解析。","👀 **先停一下**

先別只看答案。答案是 **D：粒子運動加快，氣球膨脹到內外壓力重新平衡**；升溫使粒子運動加快；柔軟氣球可以膨脹，直到內壓再次接近外界壓力。

請確認因果關係後，再查看完整解析。","**快速說明**

答案是 **B：每個分子的共價鍵都被拉長成兩倍**。受熱會把每個分子的共價鍵拉長，因此分子尺寸變大並直接撐大氣球。這就是判斷關鍵。

依照這個推理，系統標示的答案並不合理。","## 完整正確解析 ✅

正確答案是 **D**。

氣球可改變體積。升溫後粒子平均動能增加，初期碰撞使內壓升高，氣球因而膨脹；體積增加後碰撞密度下降，直到內外壓力重新平衡。過程不要求粒子數或粒子種類改變。

- **關鍵判準：** 同時考慮溫度、壓力與可變體積
- **常見誤區：** 把宏觀體積增加誤解成分子本身變大"
900002,9,C09,化學平衡,反應 N₂O₄(g) ⇌ 2NO₂(g) 已達平衡。在溫度與體積不變下加入少量 N₂O₄，之後最合理的變化是什麼？,系統傾向生成更多 NO₂，以消耗部分新增的 N₂O₄,逆反應永久停止,平衡常數立刻變小,所有新增 N₂O₄ 都不參與反應,0,"**快速說明**

答案是 **A：系統傾向生成更多 NO₂，以消耗部分新增的 N₂O₄**。加入反應物後，系統會透過較多正向反應消耗部分新增物，直到建立新的動態平衡。

先掌握這個判斷依據，再查看完整解析。","👀 **先停一下**

先別只看答案。答案是 **A：系統傾向生成更多 NO₂，以消耗部分新增的 N₂O₄**；加入反應物後，系統會透過較多正向反應消耗部分新增物，直到建立新的動態平衡。

請確認因果關係後，再查看完整解析。","**快速說明**

答案是 **C：平衡常數立刻變小**。加入 N₂O₄ 會使平衡常數變小，因此系統必須減少 NO₂ 才能恢復平衡。這就是判斷關鍵。

依照這個推理，系統標示的答案並不合理。","## 完整正確解析 ✅

正確答案是 **A**。

固定溫度下，平衡常數不因濃度改變。加入 N₂O₄ 使反應商暫時偏離平衡值，正向反應速率相對較大，因而生成更多 NO₂；當正逆反應速率再次相等時，系統達到新的平衡。

- **關鍵判準：** 濃度改變會移動平衡位置，但不改變定溫下的 K
- **常見誤區：** 把平衡位移誤認成平衡常數改變"
900002,10,C10,化學平衡,某可逆反應已達平衡。只加入能同時加快正、逆反應的催化劑，且溫度不變，最合理的結果是什麼？,產物平衡比例一定提高,反應較快重新達平衡，但平衡組成不變,平衡常數增加,逆反應停止，只剩正反應,1,"**快速說明**

答案是 **B：反應較快重新達平衡，但平衡組成不變**。催化劑降低正、逆反應的活化能，縮短達平衡時間，但不改變平衡位置。

先掌握這個判斷依據，再查看完整解析。","👀 **先停一下**

先別只看答案。答案是 **B：反應較快重新達平衡，但平衡組成不變**；催化劑降低正、逆反應的活化能，縮短達平衡時間，但不改變平衡位置。

請確認因果關係後，再查看完整解析。","**快速說明**

答案是 **A：產物平衡比例一定提高**。催化劑只加快生成產物的正反應，所以產物平衡比例一定增加。這就是判斷關鍵。

依照這個推理，系統標示的答案並不合理。","## 完整正確解析 ✅

正確答案是 **B**。

催化劑提供活化能較低的反應途徑，通常同時加快正反應與逆反應。它不改變反應物與產物的能量差，也不改變定溫下的平衡常數，因此最終平衡組成相同，只是更快到達。

- **關鍵判準：** 區分反應速率與平衡位置
- **常見誤區：** 把催化劑想成只推動正反應"
900002,11,C11,酸鹼與緩衝,將弱酸 HA 水溶液加水稀釋，溫度保持不變。忽略水的自解離時，下列敘述何者最合理？,H⁺ 濃度與 HA 的解離百分率都增加,H⁺ 濃度與 HA 的解離百分率都維持不變,H⁺ 濃度降低，但 HA 的解離百分率增加,HA 會因稀釋而變成強酸並完全解離,2,"✅ **快速說明**

答案是 **C：H⁺ 濃度降低，但 HA 的解離百分率增加**。稀釋使平衡向解離方向移動，所以解離百分率上升；但體積增加，平衡後的 H⁺ 濃度仍下降。","👀 **先停一下，再檢查關鍵條件**

答案是 **C：H⁺ 濃度降低，但 HA 的解離百分率增加**。稀釋使平衡向解離方向移動，所以解離百分率上升；但體積增加，平衡後的 H⁺ 濃度仍下降。","⚠️ **快速說明**

答案是 **A：H⁺ 濃度與 HA 的解離百分率都增加**。稀釋會促進 HA 向右解離並產生更多 H⁺，所以濃度也會和解離百分率一起上升。","🧠 **完整詳解**

正確答案是 **C：H⁺ 濃度降低，但 HA 的解離百分率增加**。

對 HA ⇌ H⁺ + A⁻ 而言，加水會提高弱酸的解離比例；但溶液體積同時增加，平衡後的 H⁺ 濃度反而下降，因此 pH 上升。單純稀釋不會使弱酸變成強酸。

**判斷關鍵：** 解離百分率與平衡濃度在稀釋後可以朝不同方向變化。"
900002,12,C12,酸鹼與緩衝,含弱酸 HA 與其共軛鹼 A⁻ 的緩衝溶液加入少量強酸後，pH 只小幅改變。主要原因是什麼？,加入酸後溶液體積自動變成無限大,HA 會產生大量 OH⁻ 使溶液變鹼,強酸在水中完全不解離,A⁻ 會與新增的 H⁺ 反應形成 HA,3,"**快速說明**

答案是 **D：A⁻ 會與新增的 H⁺ 反應形成 HA**。緩衝液中的 A⁻ 會消耗大部分新增 H⁺，轉成 HA，因此自由 H⁺ 增幅受到限制。

先掌握這個判斷依據，再查看完整解析。","👀 **先停一下**

先別只看答案。答案是 **D：A⁻ 會與新增的 H⁺ 反應形成 HA**；緩衝液中的 A⁻ 會消耗大部分新增 H⁺，轉成 HA，因此自由 H⁺ 增幅受到限制。

請確認因果關係後，再查看完整解析。","**快速說明**

答案是 **C：強酸在水中完全不解離**。強酸加入後不會解離，所以 H⁺ 濃度幾乎不變，與緩衝成分無關。這就是判斷關鍵。

依照這個推理，系統標示的答案並不合理。","## 完整正確解析 ✅

正確答案是 **D**。

強酸仍會解離，但新增的 H⁺ 會被共軛鹼 A⁻ 接受，形成較弱的酸 HA。這項反應減少自由 H⁺ 的增加，因此 pH 僅小幅下降。緩衝能力有限，加入過量強酸仍會造成顯著變化。

- **關鍵判準：** 找出能消耗新增 H⁺ 的緩衝成分
- **常見誤區：** 把緩衝誤解成強酸不解離或 pH 完全不變"
900002,13,C13,反應速率與催化,研究反應 A + B → 產物時發現：固定 [B] 並將 [A] 加倍，初始速率約加倍；固定 [A] 並將 [B] 加倍，初始速率幾乎不變。哪個推論最合理？,在此濃度範圍內，速率約與 [A] 成正比，且幾乎不受 [B] 影響,速率同時與 [A]、[B] 成正比,速率只與 [B] 成正比，與 [A] 無關,只看反應式係數即可判定速率與 [A]、[B] 都無關,0,"✅ **快速說明**

答案是 **A：在此濃度範圍內，速率約與 [A] 成正比，且幾乎不受 [B] 影響**。速率對 [A] 的倍數變化同步回應，對 [B] 的變化則不敏感，這是由實驗資料得到的速率關係。","👀 **先停一下，再檢查關鍵條件**

答案是 **A：在此濃度範圍內，速率約與 [A] 成正比，且幾乎不受 [B] 影響**。速率對 [A] 的倍數變化同步回應，對 [B] 的變化則不敏感，這是由實驗資料得到的速率關係。","⚠️ **快速說明**

答案是 **B：速率同時與 [A]、[B] 成正比**。A 與 B 都寫在反應物一側，因此提高任一反應物濃度，都必定以相同比例提高速率；不需要再比較個別實驗。","🧠 **完整詳解**

正確答案是 **A：在此濃度範圍內，速率約與 [A] 成正比，且幾乎不受 [B] 影響**。

一次只比較一個變因：[A] 加倍時速率加倍，表示速率約與 [A] 一次方成正比；[B] 加倍而速率不變，表示速率近似不依賴 [B]。速率律應由實驗決定。

**判斷關鍵：** 比較濃度倍數與初始速率倍數，不能直接照抄反應式係數。"
900002,14,C14,反應速率與催化,某反應加入催化劑後，在相同溫度下反應變快。哪個能量觀點最合理？,催化劑提高反應物總能量,催化劑提供活化能較低的替代途徑,催化劑使產物能量降為零,催化劑直接增加反應的焓變,1,"**快速說明**

答案是 **B：催化劑提供活化能較低的替代途徑**。催化劑提供活化能較低的反應途徑，使較多碰撞能跨越能障，但不改變反應焓。

先掌握這個判斷依據，再查看完整解析。","👀 **先停一下**

先別只看答案。答案是 **B：催化劑提供活化能較低的替代途徑**；催化劑提供活化能較低的反應途徑，使較多碰撞能跨越能障，但不改變反應焓。

請確認因果關係後，再查看完整解析。","**快速說明**

答案是 **D：催化劑直接增加反應的焓變**。催化劑會直接增加反應焓，釋放更多能量，因此反應自然變快。這就是判斷關鍵。

依照這個推理，系統標示的答案並不合理。","## 完整正確解析 ✅

正確答案是 **B**。

在相同溫度下，粒子能量分布大致相同；催化劑藉由降低所需活化能，讓更多碰撞具備反應條件。它不改變反應物與產物的能量差，所以反應焓與平衡常數不因催化劑本身而改變。

- **關鍵判準：** 速率變快來自活化能降低
- **常見誤區：** 把活化能、反應焓與平衡能量差混為一談"
900002,15,C15,熱化學與相變,使用某種即時冰袋時，內部鹽類溶解後袋子變冷。以袋內溶解過程為系統，哪個判斷最合理？,溫度下降代表沒有能量轉移,系統向周圍放熱，屬放熱過程,系統從周圍吸熱，屬吸熱過程,所有溶解過程都必定放熱,2,"**快速說明**

答案是 **C：系統從周圍吸熱，屬吸熱過程**。袋子變冷表示周圍熱量流入袋內系統；對該溶解過程而言，這是吸熱。

先掌握這個判斷依據，再查看完整解析。","👀 **先停一下**

先別只看答案。答案是 **C：系統從周圍吸熱，屬吸熱過程**；袋子變冷表示周圍熱量流入袋內系統；對該溶解過程而言，這是吸熱。

請確認因果關係後，再查看完整解析。","**快速說明**

答案是 **B：系統向周圍放熱，屬放熱過程**。摸起來變冷表示系統正在向手部大量放熱，因此這一定是放熱溶解。這就是判斷關鍵。

依照這個推理，系統標示的答案並不合理。","## 完整正確解析 ✅

正確答案是 **C**。

若把袋內溶解過程視為系統，袋子與手部屬於周圍。袋子變冷表示系統需要能量並從周圍吸收熱，使周圍溫度下降，所以判定為吸熱過程。冷熱觸感要配合系統邊界解讀。

- **關鍵判準：** 先界定系統，再判斷熱流方向
- **常見誤區：** 把周圍變冷誤認成系統正在放熱"
900002,16,C16,熱化學與相變,固定壓力下，純水沸騰時溫度近乎不變，但仍持續吸熱。吸收的能量主要用在哪裡？,增加分子平均動能，使溫度快速上升,製造新的氫原子與氧原子,打斷水分子內所有 O–H 共價鍵,克服分子間吸引，使液態轉為氣態,3,"**快速說明**

答案是 **D：克服分子間吸引，使液態轉為氣態**。沸點時吸收的潛熱主要用來克服分子間作用力、完成相變，而非繼續升溫。

先掌握這個判斷依據，再查看完整解析。","👀 **先停一下**

先別只看答案。答案是 **D：克服分子間吸引，使液態轉為氣態**；沸點時吸收的潛熱主要用來克服分子間作用力、完成相變，而非繼續升溫。

請確認因果關係後，再查看完整解析。","**快速說明**

答案是 **C：打斷水分子內所有 O–H 共價鍵**。沸騰需要把水分子內的 O–H 共價鍵全部打斷，才能形成水蒸氣。這就是判斷關鍵。

依照這個推理，系統標示的答案並不合理。","## 完整正確解析 ✅

正確答案是 **D**。

相變期間溫度近乎不變，代表分子平均動能沒有持續明顯增加。輸入能量主要增加粒子間的位能，克服液態中分子間吸引，使分子彼此分離成氣態；水蒸氣仍是 H₂O，分子內 O–H 鍵未被全部打斷。

- **關鍵判準：** 相變潛熱作用於分子間作用力
- **常見誤區：** 把汽化誤認成水分子的化學分解"
900002,17,C17,氧化還原與電化學,鋅—銅原電池運作時，鋅電極發生 Zn → Zn²⁺ + 2e⁻。外電路電子如何移動？,由鋅電極流向銅電極,由銅電極流向鋅電極,由鹽橋直接流向兩個電極,電子只在溶液中移動，不經導線,0,"**快速說明**

答案是 **A：由鋅電極流向銅電極**。鋅被氧化並釋放電子，因此電子由陽極鋅經外電路流向陰極銅。

先掌握這個判斷依據，再查看完整解析。","👀 **先停一下**

先別只看答案。答案是 **A：由鋅電極流向銅電極**；鋅被氧化並釋放電子，因此電子由陽極鋅經外電路流向陰極銅。

請確認因果關係後，再查看完整解析。","**快速說明**

答案是 **C：由鹽橋直接流向兩個電極**。鹽橋負責運送電子，所以電子會先進入鹽橋，再分別流向兩個電極。這就是判斷關鍵。

依照這個推理，系統標示的答案並不合理。","## 完整正確解析 ✅

正確答案是 **A**。

鋅的氧化半反應產生電子，因此鋅是陽極；電子沿外部導線流向發生還原的銅電極。鹽橋中的移動者主要是離子，用來維持兩槽電中性，不是外電路電子的通道。

- **關鍵判準：** 電子由發生氧化的一極流向發生還原的一極
- **常見誤區：** 把鹽橋的離子遷移誤認成電子流"
900002,18,C18,氧化還原與電化學,以含 Ag⁺ 的溶液進行銀電鍍，希望銀金屬沉積在金屬湯匙表面。下列接法與反應何者正確？,湯匙作為陽極，Ag 原子在湯匙上被氧化,湯匙作為陰極，Ag⁺ 在湯匙表面得到電子形成 Ag,鹽橋直接把電子送到湯匙表面，使 Ag⁺ 形成 Ag,湯匙作為陰極，但湯匙表面主要發生氧化反應,1,"✅ **快速說明**

答案是 **B：湯匙作為陰極，Ag⁺ 在湯匙表面得到電子形成 Ag**。金屬沉積需要 Ag⁺ 得到電子而還原，因此待鍍湯匙必須接在發生還原的陰極。","👀 **先停一下，再檢查關鍵條件**

答案是 **B：湯匙作為陰極，Ag⁺ 在湯匙表面得到電子形成 Ag**。金屬沉積需要 Ag⁺ 得到電子而還原，因此待鍍湯匙必須接在發生還原的陰極。","⚠️ **快速說明**

答案是 **A：湯匙作為陽極，Ag 原子在湯匙上被氧化**。電鍍就是把金屬放到物體表面，所以湯匙應作為陽極，讓銀在其表面進行氧化並沉積。","🧠 **完整詳解**

正確答案是 **B：湯匙作為陰極，Ag⁺ 在湯匙表面得到電子形成 Ag**。

待鍍物要作為陰極。Ag⁺ 移向陰極並依 Ag⁺ + e⁻ → Ag(s) 還原，沉積在湯匙表面；陽極則發生氧化。若使用銀陽極，銀可氧化成 Ag⁺ 以補充溶液中的銀離子。

**判斷關鍵：** 金屬離子得到電子形成金屬是還原，發生在陰極。"
900003,1,C01,粒子表示與守恆,密閉容器中進行反應 CH₄ + 2O₂ → CO₂ + 2H₂O。反應前後哪項必定守恆？,各種分子的數量,反應物的分子種類,每種元素的原子總數,氣體分子總數,2,,,,
900003,2,C02,粒子表示與守恆,平衡式 2SO₂ + O₂ → 2SO₃ 中的 2：1：2，應如何解讀？,單一 SO₃ 分子含兩個硫原子,各物質只能使用固定莫耳數,所有條件下的質量比也是 2：1：2,反應粒子或莫耳數的相對比例,3,,,,
900003,3,C03,原子結構與離子,天然氯主要由氯－35 與氯－37 組成，平均原子量約為 35.45。下列推論何者最合理？,天然氯是兩種同位素的混合物，且氯－35 的比例較高,每一個氯原子的質量數都是 35.45,氯－35 與氯－37 的質子數不同，因此屬於不同元素,平均值不是整數，表示氯原子在化學反應中會失去部分質子,0,,,,
900003,4,C04,原子結構與離子,O²⁻、F⁻、Na⁺ 與 Mg²⁺ 都有 10 個電子。下列哪一個粒子的半徑最小？,Na⁺，因為它是唯一的鈉離子,Mg²⁺，因為相同電子數下其核電荷最大,F⁻，因為負一價的電荷最接近中性,四者相同，因為電子數完全相同,1,,,,
900003,5,C05,分子間作用力,水的沸點高於分子量相近的硫化氫，哪個解釋最合理？,硫化氫分子間沒有吸引力,水分子沒有任何共價鍵,水分子間氫鍵較強,水沸騰時需要分解成元素,2,,,,
900003,6,C06,分子間作用力,清水中加入少量洗碗精後，迴紋針較難靠表面張力浮在水面。最合理的原因是什麼？,水分子被完全分解,所有 O–H 共價鍵都斷裂,水的分子量突然下降,界面活性劑降低表面分子間的整體凝聚作用,3,,,,
900003,7,C07,氣體粒子行為,固定體積的密閉氣體容器被冷卻後壓力下降。哪個解釋最合理？,粒子平均速率下降，撞壁較不頻繁且較不猛烈,粒子數自動減半,每個粒子縮成不存在,氣體必定液化,0,,,,
900003,8,C08,氣體粒子行為,可伸縮活塞中的氣體在外壓近似不變時受熱，活塞向外移動。最合理的解釋是什麼？,粒子種類改變,粒子運動加快並推動活塞，直到壓力重新平衡,分子內共價鍵伸長成數倍,粒子數必定增加,1,,,,
900003,9,C09,化學平衡,A(g) ⇌ B(g) 已達平衡，固定溫度下加入 A。重新達平衡前，系統最可能先出現什麼趨勢？,平衡常數立刻增加,B 完全停止轉成 A,較多 A 轉成 B,新增 A 永遠不反應,2,,,,
900003,10,C10,化學平衡,同一可逆反應分成兩份，其中一份加入催化劑並保持同溫。充分久後兩份的平衡組成如何？,加催化劑者產物一定較多,未加催化劑者沒有逆反應,加催化劑者平衡常數較大,兩者平衡組成相同，但加催化劑者較快到達,3,,,,
900003,11,C11,酸鹼與緩衝,將弱鹼 B 水溶液加水稀釋，溫度保持不變。忽略水的自解離時，下列敘述何者最合理？,OH⁻ 濃度降低，但 B 的解離百分率增加,OH⁻ 濃度與 B 的解離百分率都增加,稀釋會使 B 立即變成完全解離的強鹼,OH⁻ 濃度與 B 的解離百分率都維持不變,0,,,,
900003,12,C12,酸鹼與緩衝,含弱鹼 B 與其共軛酸 BH⁺ 的緩衝液加入少量強鹼後，pH 變化不大。主要原因是什麼？,強鹼完全不解離,BH⁺ 可與新增 OH⁻ 反應,B 會製造大量 H⁺ 使溶液變強酸,水會消除所有離子,1,,,,
900003,13,C13,反應速率與催化,某反應中，將 [X] 變為原來的 3 倍時，初始速率也約為 3 倍；但改變 [Y] 對初始速率幾乎沒有影響。哪個速率關係最符合資料？,速率只與 [Y] 成正比,速率與 [X][Y] 成正比,在此濃度範圍內，速率約與 [X] 成正比，且幾乎不受 [Y] 影響,速率與 [X]、[Y] 都完全無關,2,,,,
900003,14,C14,反應速率與催化,酵素使某反應在體溫下加快，最合理的說法是什麼？,提高反應物的莫耳質量,增加反應的總焓變,把產物能量降到零,提供活化能較低的反應途徑,3,,,,
900003,15,C15,熱化學與相變,某暖暖包啟動後向手部傳熱。若以暖暖包內反應為系統，哪個判斷最合理？,系統向周圍放熱，屬放熱過程,系統從手部吸熱，屬吸熱過程,沒有能量轉移,只要升溫就代表反應停止,0,,,,
900003,16,C16,熱化學與相變,固定壓力下純冰正在熔化，溫度近乎不變卻持續吸熱。能量主要用於什麼？,打斷所有 O–H 共價鍵,克服部分分子間作用，使固態結構鬆開,製造新的氧原子,讓平均動能持續大幅增加,1,,,,
900003,17,C17,氧化還原與電化學,某原電池中，鐵電極發生 Fe → Fe²⁺ + 2e⁻。電子在外電路的起點是哪裡？,鹽橋中央,發生還原的電極,鐵電極,兩槽溶液同時產生電子,2,,,,
900003,18,C18,氧化還原與電化學,電解精煉銅時，以不純銅作陽極、純銅薄片作陰極。通電後，下列敘述何者最合理？,陰極的純銅被氧化成 Cu²⁺，所以陰極質量下降,電子經電解液由陽極直接游向陰極,陽極與陰極都只發生還原反應,陽極的 Cu 氧化成 Cu²⁺，而 Cu²⁺ 在陰極還原並沉積,3,,,,
